,time,open,high,low,close,volume
0,2025-10-23 01:05:00,181.04,181.04,180.67,180.68,12543.6
1,2025-10-23 01:10:00,180.68,181.81,180.66,181.65,61535.7
2,2025-10-23 01:15:00,181.65,181.92,181.36,181.48,78466.4
3,2025-10-23 01:20:00,181.48,181.51,180.59,180.76,61604.4
4,2025-10-23 01:25:00,180.76,180.8,180.5,180.8,27366.9
5,2025-10-23 01:30:00,180.8,181.8,180.67,181.68,91688.3
6,2025-10-23 01:35:00,181.68,181.68,181.27,181.5,33017.2
7,2025-10-23 01:40:00,181.5,181.85,181.27,181.81,19568.2
8,2025-10-23 01:45:00,181.81,181.92,181.51,181.62,20556.1
9,2025-10-23 01:50:00,181.62,181.82,181.56,181.74,19223.3
10,2025-10-23 01:55:00,181.74,181.84,181.6,181.72,17313.3
11,2025-10-23 02:00:00,181.72,181.73,181.38,181.47,13898.3
12,2025-10-23 02:05:00,181.47,181.59,181.33,181.59,15725.0
13,2025-10-23 02:10:00,181.59,181.76,181.57,181.67,10017.8
14,2025-10-23 02:15:00,181.67,182.09,181.67,182.07,15662.7
15,2025-10-23 02:20:00,182.07,182.13,181.91,182.01,23597.0
16,2025-10-23 02:25:00,182.01,182.04,181.84,181.94,15537.9
17,2025-10-23 02:30:00,181.94,182.18,181.86,182.14,16484.2
18,2025-10-23 02:35:00,182.14,182.42,181.92,181.99,29486.3
19,2025-10-23 02:40:00,181.99,182.09,181.9,182.02,23068.6
20,2025-10-23 02:45:00,182.02,182.09,181.72,181.98,22770.2
21,2025-10-23 02:50:00,181.98,182.09,181.82,181.87,26295.3
22,2025-10-23 02:55:00,181.87,182.27,181.8,182.22,26353.7
23,2025-10-23 03:00:00,182.22,182.58,182.06,182.53,31344.1
24,2025-10-23 03:05:00,182.53,182.57,182.27,182.4,18198.0
25,2025-10-23 03:10:00,182.4,182.52,182.27,182.47,12616.5
26,2025-10-23 03:15:00,182.47,182.82,182.47,182.74,49354.8
27,2025-10-23 03:20:00,182.74,182.86,182.55,182.63,20530.7
28,2025-10-23 03:25:00,182.63,183.17,182.52,183.14,54734.2
29,2025-10-23 03:30:00,183.14,183.19,182.91,183.17,13355.1
30,2025-10-23 03:35:00,183.17,183.31,182.73,182.76,23400.0
31,2025-10-23 03:40:00,182.76,182.82,182.6,182.61,11423.6
32,2025-10-23 03:45:00,182.61,182.7,182.38,182.59,9902.3
33,2025-10-23 03:50:00,182.59,182.92,182.47,182.91,14167.6
34,2025-10-23 03:55:00,182.91,182.92,182.69,182.78,5064.0
35,2025-10-23 04:00:00,182.78,183.05,182.59,182.84,12000.2
36,2025-10-23 04:05:00,182.84,183.0,182.68,182.75,12280.9
37,2025-10-23 04:10:00,182.75,182.83,182.64,182.67,6334.2
38,2025-10-23 04:15:00,182.67,183.28,182.66,183.27,9725.9
39,2025-10-23 04:20:00,183.27,183.91,183.27,183.68,65966.0
40,2025-10-23 04:25:00,183.68,183.72,183.5,183.54,15949.4
41,2025-10-23 04:30:00,183.54,183.62,183.26,183.59,25904.2
42,2025-10-23 04:35:00,183.59,183.75,183.41,183.74,7091.5
43,2025-10-23 04:40:00,183.74,184.19,183.72,184.03,38395.5
44,2025-10-23 04:45:00,184.03,184.1,183.81,183.95,14402.0
45,2025-10-23 04:50:00,183.95,184.15,183.81,183.83,13434.9
46,2025-10-23 04:55:00,183.83,184.14,183.74,183.94,24544.5
47,2025-10-23 05:00:00,183.94,184.38,183.94,184.1,35275.4
48,2025-10-23 05:05:00,184.1,184.36,183.88,184.36,31460.1
49,2025-10-23 05:10:00,184.36,184.56,184.33,184.48,39200.6
50,2025-10-23 05:15:00,184.48,184.49,184.26,184.27,10821.2
51,2025-10-23 05:20:00,184.27,184.29,183.95,184.04,13456.8
52,2025-10-23 05:25:00,184.04,184.07,183.9,184.01,19357.6
53,2025-10-23 05:30:00,184.01,184.24,183.96,184.2,10173.8
54,2025-10-23 05:35:00,184.2,184.25,183.9,183.97,11524.2
55,2025-10-23 05:40:00,183.97,184.0,183.79,183.8,13603.3
56,2025-10-23 05:45:00,183.8,184.4,183.72,184.36,19402.5
57,2025-10-23 05:50:00,184.36,184.77,184.2,184.69,70163.5
58,2025-10-23 05:55:00,184.69,184.82,184.52,184.76,46581.1
59,2025-10-23 06:00:00,184.76,184.81,184.46,184.61,35000.7
60,2025-10-23 06:05:00,184.61,184.91,184.5,184.77,25030.5
61,2025-10-23 06:10:00,184.77,185.39,184.7,185.28,77948.8
62,2025-10-23 06:15:00,185.28,186.97,185.27,186.26,196822.8
63,2025-10-23 06:20:00,186.26,186.78,185.93,186.24,104377.2
64,2025-10-23 06:25:00,186.24,186.67,186.15,186.16,36834.3
65,2025-10-23 06:30:00,186.16,186.48,185.86,185.93,45935.3
66,2025-10-23 06:35:00,185.93,186.19,185.84,185.98,52020.7
67,2025-10-23 06:40:00,185.98,186.43,185.95,186.26,22823.3
68,2025-10-23 06:45:00,186.26,186.64,186.2,186.44,25992.9
69,2025-10-23 06:50:00,186.44,186.92,186.34,186.6,39568.6
70,2025-10-23 06:55:00,186.6,187.66,186.37,187.33,167624.8
71,2025-10-23 07:00:00,187.33,187.59,186.67,186.94,49151.0
72,2025-10-23 07:05:00,186.94,187.22,186.79,186.92,38883.4
73,2025-10-23 07:10:00,186.92,186.94,186.54,186.58,26845.5
74,2025-10-23 07:15:00,186.58,186.93,186.51,186.52,29215.5
75,2025-10-23 07:20:00,186.52,186.88,186.12,186.24,50125.7
76,2025-10-23 07:25:00,186.24,187.2,186.17,187.09,74899.6
77,2025-10-23 07:30:00,187.09,188.0,187.09,187.6,143268.4
78,2025-10-23 07:35:00,187.6,187.65,186.79,186.91,80740.6
79,2025-10-23 07:40:00,186.91,187.31,186.69,187.2,82781.0
80,2025-10-23 07:45:00,187.2,187.82,187.19,187.32,57450.1
81,2025-10-23 07:50:00,187.32,187.44,187.13,187.15,30823.1
82,2025-10-23 07:55:00,187.15,187.44,187.05,187.44,20622.2
83,2025-10-23 08:00:00,187.44,187.93,187.41,187.91,26003.3
84,2025-10-23 08:05:00,187.91,188.44,187.87,188.19,72281.4
85,2025-10-23 08:10:00,188.19,188.43,187.87,188.05,27540.9
86,2025-10-23 08:15:00,188.05,188.69,187.96,188.18,54087.2
87,2025-10-23 08:20:00,188.18,188.38,187.81,187.94,19999.7
88,2025-10-23 08:25:00,187.94,188.04,187.75,187.91,31322.7
89,2025-10-23 08:30:00,187.91,188.02,187.69,187.99,19734.5
90,2025-10-23 08:35:00,187.99,188.01,187.52,187.78,22496.3
91,2025-10-23 08:40:00,187.78,188.0,187.67,187.86,25970.6
92,2025-10-23 08:45:00,187.86,188.02,187.77,187.96,13954.4
93,2025-10-23 08:50:00,187.96,188.35,187.79,187.85,28737.5
94,2025-10-23 08:55:00,187.85,187.94,187.56,187.93,15066.0
95,2025-10-23 09:00:00,187.93,188.28,187.44,187.46,42952.6
96,2025-10-23 09:05:00,187.46,187.97,187.44,187.81,36143.3
97,2025-10-23 09:10:00,187.81,187.85,187.44,187.49,34722.3
98,2025-10-23 09:15:00,187.49,188.14,187.48,188.04,40622.5
99,2025-10-23 09:20:00,188.04,188.21,187.91,188.1,24683.2
100,2025-10-23 09:25:00,188.1,188.94,188.1,188.54,75957.4
101,2025-10-23 09:30:00,188.54,188.56,188.07,188.25,18062.2
102,2025-10-23 09:35:00,188.25,188.33,187.91,187.93,11740.4
103,2025-10-23 09:40:00,187.93,188.21,187.75,188.12,16006.0
104,2025-10-23 09:45:00,188.12,188.32,187.97,188.08,30649.6
105,2025-10-23 09:50:00,188.08,188.64,188.08,188.33,28123.5
106,2025-10-23 09:55:00,188.33,188.6,188.23,188.35,16439.9
107,2025-10-23 10:00:00,188.35,188.77,188.35,188.5,23872.4
108,2025-10-23 10:05:00,188.5,188.57,188.21,188.34,20028.5
109,2025-10-23 10:10:00,188.34,188.49,188.22,188.4,13227.4
110,2025-10-23 10:15:00,188.4,189.14,188.4,188.85,68269.8
111,2025-10-23 10:20:00,188.85,188.97,188.64,188.68,24726.6
112,2025-10-23 10:25:00,188.68,189.45,188.68,188.98,96150.5
113,2025-10-23 10:30:00,188.98,189.04,188.72,188.84,52082.4
114,2025-10-23 10:35:00,188.84,189.0,188.5,188.81,26794.9
115,2025-10-23 10:40:00,188.81,188.9,188.63,188.68,14956.9
116,2025-10-23 10:45:00,188.68,188.79,188.46,188.48,20528.8
117,2025-10-23 10:50:00,188.48,188.63,188.21,188.23,41940.6
118,2025-10-23 10:55:00,188.23,188.47,188.17,188.21,18482.3
119,2025-10-23 11:00:00,188.21,188.61,188.17,188.32,37676.7
120,2025-10-23 11:05:00,188.32,188.56,188.05,188.55,47654.9
121,2025-10-23 11:10:00,188.55,189.17,188.44,188.66,75198.1
122,2025-10-23 11:15:00,188.66,188.9,188.32,188.86,41475.5
123,2025-10-23 11:20:00,188.86,189.53,188.76,189.2,58731.8
124,2025-10-23 11:25:00,189.2,189.23,188.93,188.95,25642.7
125,2025-10-23 11:30:00,188.95,189.1,188.28,188.45,31334.2
126,2025-10-23 11:35:00,188.45,188.47,188.12,188.28,27635.7
127,2025-10-23 11:40:00,188.28,188.34,187.83,188.11,54904.8
128,2025-10-23 11:45:00,188.11,188.14,187.63,187.93,47554.1
129,2025-10-23 11:50:00,187.93,188.09,187.4,187.89,69056.9
130,2025-10-23 11:55:00,187.89,188.01,187.79,187.96,23529.4
131,2025-10-23 12:00:00,187.96,188.1,186.62,186.67,151414.0
132,2025-10-23 12:05:00,186.67,187.26,186.59,187.0,94058.9
133,2025-10-23 12:10:00,187.0,187.52,187.0,187.41,46336.7
134,2025-10-23 12:15:00,187.41,188.82,187.2,188.58,94032.8
135,2025-10-23 12:20:00,188.58,189.15,188.21,188.96,68187.6
136,2025-10-23 12:25:00,188.96,189.35,188.73,188.91,49883.1
137,2025-10-23 12:30:00,188.91,188.91,187.97,188.28,58518.0
138,2025-10-23 12:35:00,188.28,188.99,188.02,188.65,49377.0
139,2025-10-23 12:40:00,188.65,188.96,188.49,188.68,27043.6
140,2025-10-23 12:45:00,188.68,189.04,188.36,188.78,49312.0
141,2025-10-23 12:50:00,188.78,189.3,188.66,189.24,34329.1
142,2025-10-23 12:55:00,189.24,189.37,189.07,189.26,27128.9
143,2025-10-23 13:00:00,189.26,189.32,188.81,189.02,37502.4
144,2025-10-23 13:05:00,189.02,189.07,188.57,188.6,37506.3
145,2025-10-23 13:10:00,188.6,189.82,188.34,189.62,119568.0
146,2025-10-23 13:15:00,189.62,189.94,189.01,189.27,75103.1
147,2025-10-23 13:20:00,189.27,189.5,189.16,189.46,41501.8
148,2025-10-23 13:25:00,189.46,190.39,189.42,190.31,101439.9
149,2025-10-23 13:30:00,190.31,192.45,189.97,192.09,270135.3
150,2025-10-23 13:35:00,192.09,192.69,191.46,191.86,187818.7
151,2025-10-23 13:40:00,191.86,191.92,190.3,190.9,136430.5
152,2025-10-23 13:45:00,190.9,191.22,190.39,190.96,110120.3
153,2025-10-23 13:50:00,190.96,191.34,190.35,190.72,58550.2
154,2025-10-23 13:55:00,190.72,190.79,189.9,190.31,61548.8
155,2025-10-23 14:00:00,190.31,190.44,189.5,189.92,81759.1
156,2025-10-23 14:05:00,189.92,189.92,188.9,189.0,80895.1
157,2025-10-23 14:10:00,189.0,189.29,188.39,188.5,93731.0
158,2025-10-23 14:15:00,188.5,189.26,188.07,188.21,124372.7
159,2025-10-23 14:20:00,188.21,189.57,188.2,189.45,77527.3
160,2025-10-23 14:25:00,189.45,189.6,189.04,189.25,45182.0
161,2025-10-23 14:30:00,189.25,190.41,189.1,190.41,64334.0
162,2025-10-23 14:35:00,190.41,191.26,190.4,190.54,76224.7
163,2025-10-23 14:40:00,190.54,190.66,189.87,189.96,44580.3
164,2025-10-23 14:45:00,189.96,190.35,189.83,190.2,55800.3
165,2025-10-23 14:50:00,190.2,190.21,189.42,189.66,41388.1
166,2025-10-23 14:55:00,189.66,189.75,189.27,189.74,29248.4
167,2025-10-23 15:00:00,189.74,189.96,189.36,189.63,23062.5
168,2025-10-23 15:05:00,189.63,190.99,189.52,190.98,58354.1
169,2025-10-23 15:10:00,190.98,191.6,190.52,190.79,105457.4
170,2025-10-23 15:15:00,190.79,191.18,190.05,190.32,41920.2
171,2025-10-23 15:20:00,190.32,190.66,189.96,190.47,26908.9
172,2025-10-23 15:25:00,190.47,190.82,190.22,190.74,23022.2
173,2025-10-23 15:30:00,190.74,191.78,190.73,191.49,71558.3
174,2025-10-23 15:35:00,191.49,191.64,191.03,191.27,65399.3
175,2025-10-23 15:40:00,191.27,191.84,191.0,191.09,41598.4
176,2025-10-23 15:45:00,191.09,191.77,190.88,191.68,25205.3
177,2025-10-23 15:50:00,191.68,191.78,191.2,191.34,47996.6
178,2025-10-23 15:55:00,191.34,191.52,190.9,191.0,25398.0
179,2025-10-23 16:00:00,191.0,191.47,190.93,191.21,24301.2
180,2025-10-23 16:05:00,191.21,191.3,190.51,190.58,35328.1
181,2025-10-23 16:10:00,190.58,190.98,190.35,190.85,43104.3
182,2025-10-23 16:15:00,190.85,191.41,190.71,190.72,50257.8
183,2025-10-23 16:20:00,190.72,191.14,190.54,191.03,14838.9
184,2025-10-23 16:25:00,191.03,191.38,190.91,191.02,20794.6
185,2025-10-23 16:30:00,191.02,191.33,190.9,190.97,29756.6
186,2025-10-23 16:35:00,190.97,191.33,190.81,191.09,20188.2
187,2025-10-23 16:40:00,191.09,191.52,191.03,191.21,42787.3
188,2025-10-23 16:45:00,191.21,191.58,191.14,191.36,18800.1
189,2025-10-23 16:50:00,191.36,192.38,191.26,192.21,77659.0
190,2025-10-23 16:55:00,192.21,192.42,191.58,191.89,45861.1
191,2025-10-23 17:00:00,191.89,191.94,190.85,191.12,84773.1
192,2025-10-23 17:05:00,191.12,191.37,190.39,190.81,86010.6
193,2025-10-23 17:10:00,190.81,191.38,190.46,190.5,86644.6
194,2025-10-23 17:15:00,190.5,190.91,190.01,190.87,66232.5
195,2025-10-23 17:20:00,190.87,191.33,190.78,191.29,33923.2
196,2025-10-23 17:25:00,191.29,191.29,190.63,191.13,49361.4
197,2025-10-23 17:30:00,191.13,191.94,191.12,191.9,58339.5
198,2025-10-23 17:35:00,191.9,193.38,191.83,193.37,234614.8
199,2025-10-23 17:40:00,193.37,193.49,192.56,192.77,100529.7
200,2025-10-23 17:45:00,192.77,193.46,192.77,193.02,64275.6
201,2025-10-23 17:50:00,193.02,193.21,192.32,192.45,45553.5
202,2025-10-23 17:55:00,192.45,192.78,192.34,192.44,32341.0
203,2025-10-23 18:00:00,192.44,192.85,192.29,192.42,26766.7
204,2025-10-23 18:05:00,192.42,192.58,191.9,191.94,48205.1
205,2025-10-23 18:10:00,191.94,192.24,191.45,191.54,52303.1
206,2025-10-23 18:15:00,191.54,191.91,191.41,191.76,28864.8
207,2025-10-23 18:20:00,191.76,191.86,191.54,191.77,33544.2
208,2025-10-23 18:25:00,191.77,192.01,191.48,191.51,23617.0
209,2025-10-23 18:30:00,191.51,191.96,191.18,191.8,39257.1
210,2025-10-23 18:35:00,191.8,191.83,191.35,191.4,27657.8
211,2025-10-23 18:40:00,191.4,191.55,191.28,191.41,45050.6
212,2025-10-23 18:45:00,191.41,191.53,190.76,191.13,41709.6
213,2025-10-23 18:50:00,191.13,191.64,191.13,191.28,50865.1
214,2025-10-23 18:55:00,191.28,191.57,191.28,191.45,25395.0
215,2025-10-23 19:00:00,191.45,191.51,190.46,190.56,42412.1
216,2025-10-23 19:05:00,190.56,191.12,190.55,191.0,33120.1
217,2025-10-23 19:10:00,191.0,191.43,190.94,191.24,11621.2
218,2025-10-23 19:15:00,191.24,191.24,190.63,190.63,21410.4
219,2025-10-23 19:20:00,190.63,191.61,190.63,191.44,38787.5
220,2025-10-23 19:25:00,191.44,191.79,191.43,191.69,19147.7
221,2025-10-23 19:30:00,191.69,191.72,191.14,191.33,34960.6
222,2025-10-23 19:35:00,191.33,191.43,191.07,191.35,15042.5
223,2025-10-23 19:40:00,191.35,191.38,191.02,191.07,10996.1
224,2025-10-23 19:45:00,191.07,191.72,191.05,191.58,26597.6
225,2025-10-23 19:50:00,191.58,191.65,191.22,191.36,19267.3
226,2025-10-23 19:55:00,191.36,191.59,191.04,191.04,17041.5
227,2025-10-23 20:00:00,191.04,191.22,190.24,190.52,92044.5
228,2025-10-23 20:05:00,190.52,190.74,190.16,190.4,32315.4
229,2025-10-23 20:10:00,190.4,190.48,189.49,189.87,105695.2
230,2025-10-23 20:15:00,189.87,190.19,189.81,190.14,65728.9
231,2025-10-23 20:20:00,190.14,190.41,190.05,190.24,18345.6
232,2025-10-23 20:25:00,190.24,190.33,190.06,190.17,14442.3
233,2025-10-23 20:30:00,190.17,190.37,189.99,190.33,22895.4
234,2025-10-23 20:35:00,190.33,190.41,189.99,190.0,9941.3
235,2025-10-23 20:40:00,190.0,190.09,189.78,189.93,14918.9
236,2025-10-23 20:45:00,189.93,189.95,189.44,189.5,41210.6
237,2025-10-23 20:50:00,189.5,189.87,189.48,189.79,38241.3
238,2025-10-23 20:55:00,189.79,189.85,188.16,188.71,177057.2
239,2025-10-23 21:00:00,188.71,189.33,188.42,189.23,46388.9
240,2025-10-23 21:05:00,189.23,189.37,188.85,189.13,23096.1
241,2025-10-23 21:10:00,189.13,189.14,188.76,189.11,30992.1
242,2025-10-23 21:15:00,189.11,189.14,188.7,188.87,17897.4
243,2025-10-23 21:20:00,188.87,189.18,188.59,189.17,14068.4
244,2025-10-23 21:25:00,189.17,189.36,188.89,189.2,38422.0
245,2025-10-23 21:30:00,189.2,189.27,188.93,189.04,13849.4
246,2025-10-23 21:35:00,189.04,189.04,188.76,188.83,10035.1
247,2025-10-23 21:40:00,188.83,189.24,188.58,188.66,21853.7
248,2025-10-23 21:45:00,188.66,189.15,188.66,188.9,17172.4
249,2025-10-23 21:50:00,188.9,189.08,188.56,188.87,19731.3
250,2025-10-23 21:55:00,188.87,188.87,188.58,188.69,6992.3
251,2025-10-23 22:00:00,188.69,189.04,188.57,188.92,27077.7
252,2025-10-23 22:05:00,188.92,189.64,188.9,189.24,41397.0
253,2025-10-23 22:10:00,189.24,189.41,189.04,189.19,31376.1
254,2025-10-23 22:15:00,189.19,189.36,189.03,189.12,28719.8
255,2025-10-23 22:20:00,189.12,189.12,188.83,188.88,10168.8
256,2025-10-23 22:25:00,188.88,189.49,188.87,189.44,19122.3
257,2025-10-23 22:30:00,189.44,190.19,189.42,189.96,63781.6
258,2025-10-23 22:35:00,189.96,190.11,189.81,190.09,13090.4
259,2025-10-23 22:40:00,190.09,190.09,189.78,190.0,15436.1
260,2025-10-23 22:45:00,190.0,190.22,189.8,189.9,15306.4
261,2025-10-23 22:50:00,189.9,190.27,189.89,190.22,11622.3
262,2025-10-23 22:55:00,190.22,190.53,190.21,190.29,17099.8
263,2025-10-23 23:00:00,190.29,190.64,190.27,190.38,20126.4
264,2025-10-23 23:05:00,190.38,190.53,190.32,190.53,15460.0
265,2025-10-23 23:10:00,190.53,190.68,190.44,190.65,13270.5
266,2025-10-23 23:15:00,190.65,190.67,190.34,190.53,19330.0
267,2025-10-23 23:20:00,190.53,191.34,190.5,191.17,38808.0
268,2025-10-23 23:25:00,191.17,191.28,191.0,191.0,17953.1
269,2025-10-23 23:30:00,191.0,191.01,190.56,190.85,20276.6
270,2025-10-23 23:35:00,190.85,191.22,190.81,190.92,21298.3
271,2025-10-23 23:40:00,190.92,191.23,190.86,190.96,15836.3
272,2025-10-23 23:45:00,190.96,191.34,190.85,191.05,19654.5
273,2025-10-23 23:50:00,191.05,191.43,191.0,191.33,13195.7
274,2025-10-23 23:55:00,191.33,191.4,191.01,191.26,17215.9
275,2025-10-24 00:00:00,191.26,191.58,191.04,191.23,52529.7
276,2025-10-24 00:05:00,191.23,191.65,190.82,191.54,25366.9
277,2025-10-24 00:10:00,191.54,192.14,191.26,192.09,59376.4
278,2025-10-24 00:15:00,192.09,192.25,191.4,192.08,37908.5
279,2025-10-24 00:20:00,192.08,192.08,191.57,191.82,59573.9
280,2025-10-24 00:25:00,191.82,191.86,191.42,191.57,14946.4
281,2025-10-24 00:30:00,191.57,192.17,191.52,192.09,54862.6
282,2025-10-24 00:35:00,192.09,192.45,191.87,192.24,33644.1
283,2025-10-24 00:40:00,192.24,192.56,192.18,192.27,28603.6
284,2025-10-24 00:45:00,192.27,192.83,192.24,192.81,57010.2
285,2025-10-24 00:50:00,192.81,193.86,192.7,193.22,179667.4
286,2025-10-24 00:55:00,193.22,193.32,192.37,192.45,78955.5
287,2025-10-24 01:00:00,192.45,192.93,192.21,192.78,32092.8
288,2025-10-24 01:05:00,192.78,192.93,192.51,192.79,14978.6
289,2025-10-24 01:10:00,192.79,192.88,192.45,192.5,17809.9
290,2025-10-24 01:15:00,192.5,192.66,192.27,192.61,25854.8
291,2025-10-24 01:20:00,192.61,192.91,192.43,192.43,10719.3
292,2025-10-24 01:25:00,192.43,192.47,192.1,192.23,34525.5
293,2025-10-24 01:30:00,192.23,192.48,192.04,192.33,11679.5
294,2025-10-24 01:35:00,192.33,192.76,192.2,192.74,17129.0
295,2025-10-24 01:40:00,192.74,193.03,192.74,192.87,14941.9
296,2025-10-24 01:45:00,192.87,193.33,192.82,192.98,60544.5
297,2025-10-24 01:50:00,192.98,193.18,192.94,193.04,14233.3
298,2025-10-24 01:55:00,193.04,193.09,192.67,192.86,29732.9
299,2025-10-24 02:00:00,192.86,192.9,192.23,192.28,31405.1
300,2025-10-24 02:05:00,192.28,192.45,192.26,192.32,10437.0
301,2025-10-24 02:10:00,192.32,192.32,192.15,192.25,11642.2
302,2025-10-24 02:15:00,192.25,192.45,191.58,191.7,50847.1
303,2025-10-24 02:20:00,191.7,191.74,191.28,191.52,40324.4
304,2025-10-24 02:25:00,191.52,191.71,191.35,191.55,17172.3
305,2025-10-24 02:30:00,191.55,192.03,191.5,191.82,24048.7
306,2025-10-24 02:35:00,191.82,192.22,191.57,191.62,18429.7
307,2025-10-24 02:40:00,191.62,192.83,191.61,192.69,31199.7
308,2025-10-24 02:45:00,192.69,192.99,192.54,192.63,34150.9
309,2025-10-24 02:50:00,192.63,192.76,192.41,192.62,27431.7
310,2025-10-24 02:55:00,192.62,192.7,192.06,192.12,14485.6
311,2025-10-24 03:00:00,192.12,192.27,191.66,191.79,44409.3
312,2025-10-24 03:05:00,191.79,191.91,191.66,191.79,8938.6
313,2025-10-24 03:10:00,191.79,192.03,191.71,191.8,11400.7
314,2025-10-24 03:15:00,191.8,191.83,191.46,191.66,13253.4
315,2025-10-24 03:20:00,191.66,191.9,191.64,191.77,9262.9
316,2025-10-24 03:25:00,191.77,191.81,191.36,191.41,12098.3
317,2025-10-24 03:30:00,191.41,191.56,191.08,191.11,23549.9
318,2025-10-24 03:35:00,191.11,191.16,190.78,190.94,25256.2
319,2025-10-24 03:40:00,190.94,191.27,190.94,191.16,14245.2
320,2025-10-24 03:45:00,191.16,191.32,190.8,190.85,22246.1
321,2025-10-24 03:50:00,190.85,191.17,190.7,191.11,20674.2
322,2025-10-24 03:55:00,191.11,191.31,191.11,191.21,13325.6
323,2025-10-24 04:00:00,191.21,191.23,190.72,191.01,16899.5
324,2025-10-24 04:05:00,191.01,191.34,190.89,191.3,22673.7
325,2025-10-24 04:10:00,191.3,191.63,191.17,191.58,23122.4
326,2025-10-24 04:15:00,191.58,191.72,191.35,191.46,28905.9
327,2025-10-24 04:20:00,191.46,192.61,191.44,192.51,78365.0
328,2025-10-24 04:25:00,192.51,193.0,192.33,192.68,63711.8
329,2025-10-24 04:30:00,192.68,194.55,192.59,194.18,178532.4
330,2025-10-24 04:35:00,194.18,194.5,193.41,193.69,96819.4
331,2025-10-24 04:40:00,193.69,194.15,193.51,193.74,29583.1
332,2025-10-24 04:45:00,193.74,194.17,193.59,193.77,44885.4
333,2025-10-24 04:50:00,193.77,194.07,193.72,193.97,39225.7
334,2025-10-24 04:55:00,193.97,194.1,193.29,193.4,29387.7
335,2025-10-24 05:00:00,193.4,193.51,192.83,192.93,51724.1
336,2025-10-24 05:05:00,192.93,193.82,192.93,193.59,33658.2
337,2025-10-24 05:10:00,193.59,193.61,193.17,193.34,13794.8
338,2025-10-24 05:15:00,193.34,193.78,193.05,193.67,17645.4
339,2025-10-24 05:20:00,193.67,193.69,193.14,193.45,19162.2
340,2025-10-24 05:25:00,193.45,193.54,193.28,193.32,8524.4
341,2025-10-24 05:30:00,193.32,193.54,193.01,193.33,33562.2
342,2025-10-24 05:35:00,193.33,193.6,193.11,193.14,14627.8
343,2025-10-24 05:40:00,193.14,193.3,193.0,193.17,15607.7
344,2025-10-24 05:45:00,193.17,193.5,193.0,193.48,20113.8
345,2025-10-24 05:50:00,193.48,193.56,193.11,193.13,19285.3
346,2025-10-24 05:55:00,193.13,193.21,192.96,193.21,11103.1
347,2025-10-24 06:00:00,193.21,193.59,193.0,193.23,40612.6
348,2025-10-24 06:05:00,193.23,193.36,192.48,192.72,34975.5
349,2025-10-24 06:10:00,192.72,192.88,192.62,192.87,25521.0
350,2025-10-24 06:15:00,192.87,193.07,192.58,192.99,24381.8
351,2025-10-24 06:20:00,192.99,193.26,192.87,193.15,14129.3
352,2025-10-24 06:25:00,193.15,193.19,192.9,193.1,14093.7
353,2025-10-24 06:30:00,193.1,193.18,192.93,193.11,19163.2
354,2025-10-24 06:35:00,193.11,193.37,193.1,193.21,19928.4
355,2025-10-24 06:40:00,193.21,193.26,192.96,193.1,26749.2
356,2025-10-24 06:45:00,193.1,193.12,192.91,192.91,8250.0
357,2025-10-24 06:50:00,192.91,193.23,192.9,193.23,7027.6
358,2025-10-24 06:55:00,193.23,193.39,193.09,193.22,26571.4
359,2025-10-24 07:00:00,193.22,193.34,193.01,193.25,8784.9
360,2025-10-24 07:05:00,193.25,193.36,192.87,192.96,26130.5
361,2025-10-24 07:10:00,192.96,192.97,192.58,192.58,22312.1
362,2025-10-24 07:15:00,192.58,192.69,192.3,192.67,51091.1
363,2025-10-24 07:20:00,192.67,192.98,192.65,192.91,12682.4
364,2025-10-24 07:25:00,192.91,193.09,192.78,193.06,11845.8
365,2025-10-24 07:30:00,193.06,193.13,192.87,192.89,8311.9
366,2025-10-24 07:35:00,192.89,192.92,192.59,192.67,21443.0
367,2025-10-24 07:40:00,192.67,192.77,192.25,192.26,28018.4
368,2025-10-24 07:45:00,192.26,192.29,191.22,191.74,225061.2
369,2025-10-24 07:50:00,191.74,191.99,191.66,191.85,43382.9
370,2025-10-24 07:55:00,191.85,192.15,191.85,192.06,32064.0
371,2025-10-24 08:00:00,192.06,192.16,191.63,191.8,75232.9
372,2025-10-24 08:05:00,191.8,192.1,191.66,192.09,31162.4
373,2025-10-24 08:10:00,192.09,192.79,192.09,192.37,65396.3
374,2025-10-24 08:15:00,192.37,192.49,191.97,192.39,18996.0
375,2025-10-24 08:20:00,192.39,192.5,192.26,192.47,16442.4
376,2025-10-24 08:25:00,192.47,192.52,192.19,192.32,45408.1
377,2025-10-24 08:30:00,192.32,192.47,192.21,192.38,25762.0
378,2025-10-24 08:35:00,192.38,193.13,192.35,193.01,38597.7
379,2025-10-24 08:40:00,193.01,193.3,192.85,193.26,26506.8
380,2025-10-24 08:45:00,193.26,193.45,192.92,192.92,35577.7
381,2025-10-24 08:50:00,192.92,193.04,192.84,192.93,20345.3
382,2025-10-24 08:55:00,192.93,193.11,192.82,192.87,51096.8
383,2025-10-24 09:00:00,192.87,192.91,192.71,192.82,13091.0
384,2025-10-24 09:05:00,192.82,193.18,192.81,192.94,36800.8
385,2025-10-24 09:10:00,192.94,193.31,192.89,193.17,21046.6
386,2025-10-24 09:15:00,193.17,193.25,192.97,193.1,12758.9
387,2025-10-24 09:20:00,193.1,193.14,192.93,192.96,9894.2
388,2025-10-24 09:25:00,192.96,193.13,192.77,192.86,13192.6
389,2025-10-24 09:30:00,192.86,192.9,192.32,192.53,22058.8
390,2025-10-24 09:35:00,192.53,192.67,192.4,192.59,20871.2
391,2025-10-24 09:40:00,192.59,192.65,192.41,192.6,8954.0
392,2025-10-24 09:45:00,192.6,192.68,192.48,192.65,17601.7
393,2025-10-24 09:50:00,192.65,192.67,192.11,192.21,17024.8
394,2025-10-24 09:55:00,192.21,192.21,191.82,192.04,34715.8
395,2025-10-24 10:00:00,192.04,192.04,191.6,191.63,22082.9
396,2025-10-24 10:05:00,191.63,191.83,191.5,191.77,25025.3
397,2025-10-24 10:10:00,191.77,191.97,191.73,191.89,17889.4
398,2025-10-24 10:15:00,191.89,191.92,191.59,191.6,18306.1
399,2025-10-24 10:20:00,191.6,191.71,191.37,191.44,23338.1
400,2025-10-24 10:25:00,191.44,191.66,191.33,191.49,15906.4
401,2025-10-24 10:30:00,191.49,192.12,191.49,191.87,40659.6
402,2025-10-24 10:35:00,191.87,191.88,191.56,191.59,10019.5
403,2025-10-24 10:40:00,191.59,191.78,191.5,191.76,11061.0
404,2025-10-24 10:45:00,191.76,191.87,191.65,191.66,8743.6
405,2025-10-24 10:50:00,191.66,191.84,191.57,191.74,11430.5
406,2025-10-24 10:55:00,191.74,191.99,191.65,191.7,15598.2
407,2025-10-24 11:00:00,191.7,191.79,191.43,191.73,14661.6
408,2025-10-24 11:05:00,191.73,191.83,191.56,191.69,4852.2
409,2025-10-24 11:10:00,191.69,192.02,191.67,191.71,17840.0
410,2025-10-24 11:15:00,191.71,191.71,191.25,191.43,21600.3
411,2025-10-24 11:20:00,191.43,191.43,191.12,191.35,28789.2
412,2025-10-24 11:25:00,191.35,191.64,191.26,191.59,14139.4
413,2025-10-24 11:30:00,191.59,191.62,190.46,191.29,82178.4
414,2025-10-24 11:35:00,191.29,191.43,191.09,191.19,25277.6
415,2025-10-24 11:40:00,191.19,191.55,191.19,191.49,9471.4
416,2025-10-24 11:45:00,191.49,191.54,191.19,191.35,11774.7
417,2025-10-24 11:50:00,191.35,192.01,191.35,191.82,59927.4
418,2025-10-24 11:55:00,191.82,192.18,191.75,192.05,62104.8
419,2025-10-24 12:00:00,192.05,192.95,192.05,192.8,131128.0
420,2025-10-24 12:05:00,192.8,193.03,192.67,192.71,56573.9
421,2025-10-24 12:10:00,192.71,192.95,192.51,192.79,43657.7
422,2025-10-24 12:15:00,192.79,192.85,192.43,192.48,24998.4
423,2025-10-24 12:20:00,192.48,192.87,192.44,192.66,18837.1
424,2025-10-24 12:25:00,192.66,193.02,192.39,192.93,44273.3
425,2025-10-24 12:30:00,192.93,196.76,192.61,194.45,1024621.8
426,2025-10-24 12:35:00,194.45,194.7,193.6,193.85,115095.1
427,2025-10-24 12:40:00,193.85,194.09,193.49,193.96,76354.2
428,2025-10-24 12:45:00,193.96,194.1,193.29,193.88,67203.9
429,2025-10-24 12:50:00,193.88,194.09,193.21,193.21,46812.8
430,2025-10-24 12:55:00,193.21,193.78,192.9,193.58,59862.1
431,2025-10-24 13:00:00,193.58,194.21,193.31,194.08,119311.2
432,2025-10-24 13:05:00,194.08,194.08,193.57,193.88,24780.1
433,2025-10-24 13:10:00,193.88,194.15,193.57,193.59,27231.1
434,2025-10-24 13:15:00,193.59,193.9,193.5,193.85,45594.6
435,2025-10-24 13:20:00,193.85,193.85,193.5,193.5,29909.5
436,2025-10-24 13:25:00,193.5,193.53,193.18,193.22,67666.4
437,2025-10-24 13:30:00,193.22,193.33,192.66,193.07,89901.5
438,2025-10-24 13:35:00,193.07,193.16,192.15,192.24,133673.7
439,2025-10-24 13:40:00,192.24,192.52,191.43,191.59,83476.9
440,2025-10-24 13:45:00,191.59,192.25,190.73,191.41,191076.7
441,2025-10-24 13:50:00,191.41,191.86,190.72,191.8,94265.5
442,2025-10-24 13:55:00,191.8,192.45,191.66,192.39,109928.4
443,2025-10-24 14:00:00,192.39,192.39,191.26,191.57,57487.2
444,2025-10-24 14:05:00,191.57,191.89,191.07,191.66,50212.0
445,2025-10-24 14:10:00,191.66,191.84,191.37,191.68,30216.1
446,2025-10-24 14:15:00,191.68,191.76,190.61,190.95,82382.7
447,2025-10-24 14:20:00,190.95,191.21,190.36,190.48,142978.8
448,2025-10-24 14:25:00,190.48,190.49,189.24,190.23,304507.3
449,2025-10-24 14:30:00,190.23,190.65,189.7,190.64,115019.5
450,2025-10-24 14:35:00,190.64,190.64,189.74,190.44,111259.6
451,2025-10-24 14:40:00,190.44,190.77,190.29,190.73,64799.2
452,2025-10-24 14:45:00,190.73,190.82,190.22,190.45,57999.0
453,2025-10-24 14:50:00,190.45,190.68,189.78,190.22,76707.2
454,2025-10-24 14:55:00,190.22,190.3,189.78,190.04,46490.3
455,2025-10-24 15:00:00,190.04,190.25,189.82,189.99,32246.3
456,2025-10-24 15:05:00,189.99,190.27,189.61,189.98,39735.1
457,2025-10-24 15:10:00,189.98,190.76,189.78,190.21,78206.6
458,2025-10-24 15:15:00,190.21,190.24,189.65,190.07,77345.5
459,2025-10-24 15:20:00,190.07,190.67,189.83,189.97,55231.0
460,2025-10-24 15:25:00,189.97,190.0,189.48,189.69,60427.0
461,2025-10-24 15:30:00,189.69,189.72,189.0,189.11,57371.5
462,2025-10-24 15:35:00,189.11,189.45,188.83,189.33,40291.8
463,2025-10-24 15:40:00,189.33,189.38,188.84,189.34,69522.4
464,2025-10-24 15:45:00,189.34,189.4,188.68,189.4,81782.5
465,2025-10-24 15:50:00,189.4,189.63,189.28,189.44,43107.7
466,2025-10-24 15:55:00,189.44,189.58,188.91,189.31,55356.2
467,2025-10-24 16:00:00,189.31,189.52,188.98,189.23,28138.2
468,2025-10-24 16:05:00,189.23,189.29,188.65,189.23,74882.6
469,2025-10-24 16:10:00,189.23,189.68,189.23,189.67,28038.3
470,2025-10-24 16:15:00,189.67,190.05,189.65,190.04,42242.4
471,2025-10-24 16:20:00,190.04,190.2,189.58,189.6,36233.1
472,2025-10-24 16:25:00,189.6,190.0,189.53,189.99,21255.5
473,2025-10-24 16:30:00,189.99,190.02,189.48,189.71,22262.1
474,2025-10-24 16:35:00,189.71,189.79,189.54,189.71,13235.9
475,2025-10-24 16:40:00,189.71,189.79,189.38,189.65,10856.2
476,2025-10-24 16:45:00,189.65,190.13,189.58,190.08,18454.6
477,2025-10-24 16:50:00,190.08,190.15,189.98,190.1,9169.3
478,2025-10-24 16:55:00,190.1,190.61,190.04,190.53,36074.1
479,2025-10-24 17:00:00,190.53,191.39,190.43,191.28,73247.5
480,2025-10-24 17:05:00,191.28,191.29,190.5,190.59,54153.7
481,2025-10-24 17:10:00,190.59,190.69,190.26,190.62,21393.0
482,2025-10-24 17:15:00,190.62,191.09,190.6,190.93,12127.8
483,2025-10-24 17:20:00,190.93,191.47,190.88,191.43,26538.3
484,2025-10-24 17:25:00,191.43,191.65,191.29,191.49,24304.3
485,2025-10-24 17:30:00,191.49,191.6,191.02,191.34,27893.6
486,2025-10-24 17:35:00,191.34,191.41,191.06,191.31,21550.6
487,2025-10-24 17:40:00,191.31,191.31,191.05,191.1,8252.8
488,2025-10-24 17:45:00,191.1,191.37,190.77,190.98,35641.9
489,2025-10-24 17:50:00,190.98,191.13,190.73,191.08,25863.2
490,2025-10-24 17:55:00,191.08,191.29,191.0,191.01,11388.8
491,2025-10-24 18:00:00,191.01,191.5,190.87,191.4,11178.4
492,2025-10-24 18:05:00,191.4,191.58,191.25,191.44,16151.7
493,2025-10-24 18:10:00,191.44,191.47,191.13,191.25,6674.2
494,2025-10-24 18:15:00,191.25,191.64,191.24,191.59,16490.0
495,2025-10-24 18:20:00,191.59,191.84,191.26,191.33,30559.8
496,2025-10-24 18:25:00,191.33,191.55,190.99,191.19,14837.1
497,2025-10-24 18:30:00,191.19,191.44,191.14,191.3,24435.2
498,2025-10-24 18:35:00,191.3,191.49,191.04,191.35,6914.4
499,2025-10-24 18:40:00,191.35,191.36,190.98,191.32,12653.4
500,2025-10-24 18:45:00,191.32,191.44,191.23,191.43,9489.9
501,2025-10-24 18:50:00,191.43,191.75,191.32,191.54,19022.6
502,2025-10-24 18:55:00,191.54,191.74,191.46,191.69,15100.0
503,2025-10-24 19:00:00,191.69,192.07,191.68,192.07,23607.4
504,2025-10-24 19:05:00,192.07,192.65,191.96,192.59,60757.5
505,2025-10-24 19:10:00,192.59,192.69,192.33,192.44,34079.0
506,2025-10-24 19:15:00,192.44,192.79,192.41,192.63,21684.4
507,2025-10-24 19:20:00,192.63,192.85,192.6,192.61,32991.1
508,2025-10-24 19:25:00,192.61,193.0,192.47,192.99,27325.3
509,2025-10-24 19:30:00,192.99,193.4,192.9,193.17,61260.4
510,2025-10-24 19:35:00,193.17,193.5,193.01,193.15,26323.9
511,2025-10-24 19:40:00,193.15,193.46,193.09,193.34,16113.7
512,2025-10-24 19:45:00,193.34,193.34,192.93,193.01,22748.6
513,2025-10-24 19:50:00,193.01,193.36,192.71,193.16,34248.3
514,2025-10-24 19:55:00,193.16,193.16,192.68,192.95,19731.8
515,2025-10-24 20:00:00,192.95,193.5,192.68,193.3,34548.7
516,2025-10-24 20:05:00,193.3,193.64,193.28,193.36,24976.4
517,2025-10-24 20:10:00,193.36,193.74,193.34,193.42,32616.7
518,2025-10-24 20:15:00,193.42,193.69,193.42,193.52,12920.7
519,2025-10-24 20:20:00,193.52,193.82,193.51,193.76,14017.6
520,2025-10-24 20:25:00,193.76,193.83,193.56,193.57,7908.9
521,2025-10-24 20:30:00,193.57,193.69,193.41,193.61,27778.7
522,2025-10-24 20:35:00,193.61,194.06,193.24,193.44,150907.0
523,2025-10-24 20:40:00,193.44,193.57,193.37,193.45,13992.6
524,2025-10-24 20:45:00,193.45,193.85,193.44,193.61,29330.4
525,2025-10-24 20:50:00,193.61,193.61,192.93,193.28,46804.3
526,2025-10-24 20:55:00,193.28,193.65,193.02,193.44,50941.4
527,2025-10-24 21:00:00,193.44,193.91,193.44,193.65,36718.3
528,2025-10-24 21:05:00,193.65,193.8,193.56,193.6,14508.5
529,2025-10-24 21:10:00,193.6,193.61,193.1,193.34,56010.8
530,2025-10-24 21:15:00,193.34,193.75,193.21,193.62,17448.0
531,2025-10-24 21:20:00,193.62,193.76,193.36,193.57,10815.9
532,2025-10-24 21:25:00,193.57,193.57,193.09,193.31,23824.2
533,2025-10-24 21:30:00,193.31,193.59,193.25,193.51,13086.9
534,2025-10-24 21:35:00,193.51,193.53,193.42,193.45,3741.7
535,2025-10-24 21:40:00,193.45,193.47,193.17,193.37,7877.3
536,2025-10-24 21:45:00,193.37,193.56,193.19,193.53,7756.6
537,2025-10-24 21:50:00,193.53,193.81,193.52,193.68,17929.7
538,2025-10-24 21:55:00,193.68,193.86,193.53,193.66,11668.3
539,2025-10-24 22:00:00,193.66,193.74,193.07,193.34,17937.8
540,2025-10-24 22:05:00,193.34,193.4,193.16,193.21,9149.6
541,2025-10-24 22:10:00,193.21,193.39,193.04,193.2,7372.6
542,2025-10-24 22:15:00,193.2,193.43,193.16,193.35,7062.6
543,2025-10-24 22:20:00,193.35,193.58,193.35,193.53,15871.7
544,2025-10-24 22:25:00,193.53,193.95,193.48,193.8,33543.5
545,2025-10-24 22:30:00,193.8,194.06,193.73,194.01,15281.6
546,2025-10-24 22:35:00,194.01,194.07,193.71,193.84,8689.2
547,2025-10-24 22:40:00,193.84,193.92,193.52,193.58,5761.8
548,2025-10-24 22:45:00,193.58,193.71,193.51,193.71,5092.0
549,2025-10-24 22:50:00,193.71,193.71,193.34,193.48,6664.1
550,2025-10-24 22:55:00,193.48,193.78,193.43,193.71,10213.6
551,2025-10-24 23:00:00,193.71,193.71,193.45,193.51,6125.9
552,2025-10-24 23:05:00,193.51,193.62,193.29,193.3,11387.3
553,2025-10-24 23:10:00,193.3,193.3,193.15,193.17,14481.8
554,2025-10-24 23:15:00,193.17,193.31,193.03,193.17,11441.5
555,2025-10-24 23:20:00,193.17,193.29,193.07,193.29,8841.6
556,2025-10-24 23:25:00,193.29,193.43,193.27,193.37,5625.5
557,2025-10-24 23:30:00,193.37,193.6,193.33,193.33,9020.4
558,2025-10-24 23:35:00,193.33,193.52,193.24,193.25,2243.1
559,2025-10-24 23:40:00,193.25,193.29,193.17,193.2,3709.1
560,2025-10-24 23:45:00,193.2,193.4,193.16,193.32,2878.0
561,2025-10-24 23:50:00,193.32,193.47,193.3,193.42,2779.4
562,2025-10-24 23:55:00,193.42,193.56,193.32,193.48,3599.3
563,2025-10-25 00:00:00,193.48,193.55,193.23,193.27,15307.1
564,2025-10-25 00:05:00,193.27,193.27,192.82,192.97,23690.1
565,2025-10-25 00:10:00,192.97,193.09,192.85,192.87,7825.2
566,2025-10-25 00:15:00,192.87,192.92,192.43,192.54,40184.7
567,2025-10-25 00:20:00,192.54,192.77,192.5,192.58,12727.8
568,2025-10-25 00:25:00,192.58,192.78,192.58,192.7,9398.1
569,2025-10-25 00:30:00,192.7,192.73,192.33,192.42,14685.3
570,2025-10-25 00:35:00,192.42,192.79,192.38,192.61,15532.3
571,2025-10-25 00:40:00,192.61,192.86,192.4,192.76,33749.3
572,2025-10-25 00:45:00,192.76,193.4,192.7,193.28,37222.5
573,2025-10-25 00:50:00,193.28,193.32,192.48,192.51,16903.4
574,2025-10-25 00:55:00,192.51,192.87,192.51,192.87,17736.9
575,2025-10-25 01:00:00,192.87,193.13,192.82,193.06,19873.5
576,2025-10-25 01:05:00,193.06,193.17,192.77,192.94,7030.9
577,2025-10-25 01:10:00,192.94,193.41,192.94,193.29,6319.0
578,2025-10-25 01:15:00,193.29,193.43,193.19,193.4,5671.7
579,2025-10-25 01:20:00,193.4,193.71,193.34,193.7,10943.8
580,2025-10-25 01:25:00,193.7,194.46,193.64,193.75,103030.2
581,2025-10-25 01:30:00,193.75,194.37,193.69,193.73,45634.3
582,2025-10-25 01:35:00,193.73,193.94,193.48,193.65,13102.9
583,2025-10-25 01:40:00,193.65,193.65,193.48,193.52,5306.4
584,2025-10-25 01:45:00,193.52,193.78,193.44,193.6,8325.0
585,2025-10-25 01:50:00,193.6,193.61,193.4,193.59,7387.8
586,2025-10-25 01:55:00,193.59,193.7,193.47,193.67,2868.7
587,2025-10-25 02:00:00,193.67,193.78,193.55,193.68,5719.8
588,2025-10-25 02:05:00,193.68,193.68,193.41,193.51,8468.7
589,2025-10-25 02:10:00,193.51,193.51,193.34,193.4,4434.6
590,2025-10-25 02:15:00,193.4,193.48,193.34,193.46,5661.7
591,2025-10-25 02:20:00,193.46,193.64,193.42,193.6,9219.3
592,2025-10-25 02:25:00,193.6,193.72,193.54,193.64,2793.9
593,2025-10-25 02:30:00,193.64,193.67,193.32,193.34,6543.1
594,2025-10-25 02:35:00,193.34,193.46,193.24,193.4,4581.4
595,2025-10-25 02:40:00,193.4,193.58,193.34,193.35,5647.5
596,2025-10-25 02:45:00,193.35,193.55,193.3,193.54,3753.0
597,2025-10-25 02:50:00,193.54,194.08,193.54,193.96,18137.2
598,2025-10-25 02:55:00,193.96,193.96,193.66,193.73,11920.1
599,2025-10-25 03:00:00,193.73,193.81,193.26,193.48,17175.1
600,2025-10-25 03:05:00,193.48,193.56,193.28,193.31,8189.4
601,2025-10-25 03:10:00,193.31,193.4,193.16,193.38,9997.1
602,2025-10-25 03:15:00,193.38,193.77,193.37,193.73,8243.5
603,2025-10-25 03:20:00,193.73,193.93,193.58,193.63,12966.8
604,2025-10-25 03:25:00,193.63,193.66,193.55,193.56,4644.4
605,2025-10-25 03:30:00,193.56,193.66,193.46,193.58,3813.3
606,2025-10-25 03:35:00,193.58,193.65,193.4,193.47,2176.0
607,2025-10-25 03:40:00,193.47,193.69,193.38,193.63,3402.4
608,2025-10-25 03:45:00,193.63,193.63,193.27,193.61,8542.9
609,2025-10-25 03:50:00,193.61,193.63,193.34,193.36,3075.1
610,2025-10-25 03:55:00,193.36,193.48,193.3,193.37,4980.5
611,2025-10-25 04:00:00,193.37,193.52,193.34,193.47,5578.3
612,2025-10-25 04:05:00,193.47,193.55,193.33,193.55,8071.1
613,2025-10-25 04:10:00,193.55,193.78,193.53,193.72,15661.0
614,2025-10-25 04:15:00,193.72,194.16,193.63,194.04,20111.3
615,2025-10-25 04:20:00,194.04,194.11,193.81,193.95,10509.4
616,2025-10-25 04:25:00,193.95,194.0,193.76,193.77,7427.5
617,2025-10-25 04:30:00,193.77,193.88,193.34,193.55,30309.4
618,2025-10-25 04:35:00,193.55,193.61,193.39,193.53,6037.3
619,2025-10-25 04:40:00,193.53,193.73,193.49,193.52,11269.7
620,2025-10-25 04:45:00,193.52,193.69,193.45,193.63,8493.9
621,2025-10-25 04:50:00,193.63,194.45,193.59,194.25,52763.6
622,2025-10-25 04:55:00,194.25,194.34,194.08,194.11,20157.7
623,2025-10-25 05:00:00,194.11,194.19,194.01,194.06,10845.3
624,2025-10-25 05:05:00,194.06,194.25,193.89,193.92,7456.6
625,2025-10-25 05:10:00,193.92,193.92,193.4,193.75,29000.2
626,2025-10-25 05:15:00,193.75,193.77,193.64,193.76,11630.0
627,2025-10-25 05:20:00,193.76,194.1,193.73,193.92,11333.0
628,2025-10-25 05:25:00,193.92,194.0,193.71,194.0,14277.9
629,2025-10-25 05:30:00,194.0,194.04,193.8,194.01,6380.8
630,2025-10-25 05:35:00,194.01,194.21,193.92,194.19,5139.4
631,2025-10-25 05:40:00,194.19,194.25,194.07,194.19,4866.9
632,2025-10-25 05:45:00,194.19,194.65,194.19,194.35,23679.3
633,2025-10-25 05:50:00,194.35,194.47,194.27,194.31,13795.9
634,2025-10-25 05:55:00,194.31,194.39,194.02,194.37,36631.6
635,2025-10-25 06:00:00,194.37,194.65,194.37,194.38,15786.1
636,2025-10-25 06:05:00,194.38,194.42,194.13,194.36,11886.7
637,2025-10-25 06:10:00,194.36,194.46,194.22,194.27,6215.9
638,2025-10-25 06:15:00,194.27,194.33,194.13,194.32,6371.8
639,2025-10-25 06:20:00,194.32,194.39,194.16,194.26,8096.7
640,2025-10-25 06:25:00,194.26,194.47,194.21,194.47,19148.4
641,2025-10-25 06:30:00,194.47,194.5,194.23,194.3,21700.4
642,2025-10-25 06:35:00,194.3,194.3,194.04,194.04,13428.6
643,2025-10-25 06:40:00,194.04,194.2,194.03,194.09,6247.1
644,2025-10-25 06:45:00,194.09,194.38,194.09,194.29,7328.8
645,2025-10-25 06:50:00,194.29,194.29,193.96,194.11,21939.5
646,2025-10-25 06:55:00,194.11,194.19,193.92,193.97,6633.4
647,2025-10-25 07:00:00,193.97,194.16,193.96,194.03,12300.6
648,2025-10-25 07:05:00,194.03,194.12,193.89,194.05,16506.1
649,2025-10-25 07:10:00,194.05,194.1,193.93,194.09,7190.0
650,2025-10-25 07:15:00,194.09,194.54,194.08,194.34,27412.5
651,2025-10-25 07:20:00,194.34,194.63,194.33,194.62,30797.5
652,2025-10-25 07:25:00,194.62,194.62,194.33,194.45,10421.6
653,2025-10-25 07:30:00,194.45,194.87,194.16,194.16,35174.0
654,2025-10-25 07:35:00,194.16,194.16,193.82,194.07,24528.0
655,2025-10-25 07:40:00,194.07,194.07,193.72,193.96,47281.7
656,2025-10-25 07:45:00,193.96,194.0,193.73,193.73,10953.2
657,2025-10-25 07:50:00,193.73,193.95,193.73,193.86,24408.1
658,2025-10-25 07:55:00,193.86,193.93,193.8,193.87,8287.7
659,2025-10-25 08:00:00,193.87,194.1,193.82,194.04,6440.4
660,2025-10-25 08:05:00,194.04,194.29,193.92,194.17,34362.6
661,2025-10-25 08:10:00,194.17,194.25,194.14,194.15,7112.8
662,2025-10-25 08:15:00,194.15,194.54,194.11,194.52,38940.5
663,2025-10-25 08:20:00,194.52,195.32,194.52,194.92,158145.3
664,2025-10-25 08:25:00,194.92,195.28,194.8,195.09,33793.4
665,2025-10-25 08:30:00,195.09,195.09,194.74,194.85,14122.1
666,2025-10-25 08:35:00,194.85,195.25,194.65,194.7,23156.1
667,2025-10-25 08:40:00,194.7,194.7,194.45,194.58,17688.2
668,2025-10-25 08:45:00,194.58,194.8,194.5,194.79,7405.7
669,2025-10-25 08:50:00,194.79,194.91,194.77,194.83,11637.0
670,2025-10-25 08:55:00,194.83,194.9,194.67,194.81,9894.2
671,2025-10-25 09:00:00,194.81,194.85,194.58,194.62,12384.6
672,2025-10-25 09:05:00,194.62,194.68,194.41,194.62,17062.2
673,2025-10-25 09:10:00,194.62,194.79,194.43,194.54,12071.7
674,2025-10-25 09:15:00,194.54,194.54,194.19,194.31,14295.3
675,2025-10-25 09:20:00,194.31,194.38,193.96,193.96,41047.5
676,2025-10-25 09:25:00,193.96,193.97,193.46,193.72,49062.6
677,2025-10-25 09:30:00,193.72,193.73,193.31,193.32,43342.4
678,2025-10-25 09:35:00,193.32,193.72,193.32,193.65,16106.4
679,2025-10-25 09:40:00,193.65,193.73,193.44,193.59,12687.4
680,2025-10-25 09:45:00,193.59,193.59,193.15,193.27,30308.9
681,2025-10-25 09:50:00,193.27,193.27,192.37,192.68,104899.4
682,2025-10-25 09:55:00,192.68,192.68,192.42,192.55,31688.9
683,2025-10-25 10:00:00,192.55,192.73,192.07,192.19,99672.5
684,2025-10-25 10:05:00,192.19,192.23,190.89,191.75,238793.6
685,2025-10-25 10:10:00,191.75,192.09,191.43,191.61,47965.4
686,2025-10-25 10:15:00,191.61,191.94,191.61,191.84,12803.5
687,2025-10-25 10:20:00,191.84,192.04,191.62,191.9,23450.8
688,2025-10-25 10:25:00,191.9,191.9,191.55,191.63,16819.8
689,2025-10-25 10:30:00,191.63,192.17,191.54,191.93,62307.0
690,2025-10-25 10:35:00,191.93,192.06,191.75,191.91,26701.2
691,2025-10-25 10:40:00,191.91,192.06,191.78,191.82,39706.7
692,2025-10-25 10:45:00,191.82,192.02,191.67,191.76,29635.7
693,2025-10-25 10:50:00,191.76,191.81,191.62,191.68,18650.9
694,2025-10-25 10:55:00,191.68,191.99,191.67,191.85,23779.3
695,2025-10-25 11:00:00,191.85,191.99,191.54,191.94,24350.6
696,2025-10-25 11:05:00,191.94,191.95,191.7,191.8,18271.2
697,2025-10-25 11:10:00,191.8,191.95,191.77,191.87,5345.4
698,2025-10-25 11:15:00,191.87,192.08,191.84,192.05,11145.6
699,2025-10-25 11:20:00,192.05,192.34,191.97,192.28,26077.2
700,2025-10-25 11:25:00,192.28,192.54,192.27,192.51,27204.4
701,2025-10-25 11:30:00,192.51,192.52,192.32,192.43,13975.7
702,2025-10-25 11:35:00,192.43,192.65,192.32,192.46,24878.7
703,2025-10-25 11:40:00,192.46,192.55,192.14,192.38,24523.3
704,2025-10-25 11:45:00,192.38,192.53,192.3,192.53,10665.0
705,2025-10-25 11:50:00,192.53,192.81,192.53,192.65,31664.2
706,2025-10-25 11:55:00,192.65,192.7,192.55,192.59,8795.3
707,2025-10-25 12:00:00,192.59,192.88,192.44,192.88,10851.7
708,2025-10-25 12:05:00,192.88,193.17,192.53,193.09,18408.6
709,2025-10-25 12:10:00,193.09,193.25,192.99,193.21,16535.5
710,2025-10-25 12:15:00,193.21,193.44,193.19,193.24,20909.1
711,2025-10-25 12:20:00,193.24,193.53,193.15,193.51,24382.1
712,2025-10-25 12:25:00,193.51,193.57,193.26,193.29,10619.3
713,2025-10-25 12:30:00,193.29,193.41,193.02,193.13,16464.8
714,2025-10-25 12:35:00,193.13,193.39,193.09,193.13,21212.4
715,2025-10-25 12:40:00,193.13,193.88,193.1,193.82,24316.0
716,2025-10-25 12:45:00,193.82,194.13,193.78,193.94,42517.6
717,2025-10-25 12:50:00,193.94,194.06,193.53,193.77,27287.3
718,2025-10-25 12:55:00,193.77,193.95,193.76,193.8,7670.7
719,2025-10-25 13:00:00,193.8,193.84,193.28,193.37,16131.8
720,2025-10-25 13:05:00,193.37,193.44,193.0,193.31,14198.3
721,2025-10-25 13:10:00,193.31,193.32,193.01,193.17,24289.5
722,2025-10-25 13:15:00,193.17,193.4,192.85,192.9,32173.8
723,2025-10-25 13:20:00,192.9,193.17,192.55,193.1,30677.3
724,2025-10-25 13:25:00,193.1,193.11,192.79,192.89,10746.3
725,2025-10-25 13:30:00,192.89,192.98,192.77,192.95,8871.4
726,2025-10-25 13:35:00,192.95,193.04,192.51,192.8,21978.9
727,2025-10-25 13:40:00,192.8,192.8,192.54,192.62,19570.6
728,2025-10-25 13:45:00,192.62,192.62,192.34,192.48,13103.3
729,2025-10-25 13:50:00,192.48,192.76,192.4,192.68,14777.4
730,2025-10-25 13:55:00,192.68,192.84,192.64,192.78,9263.0
731,2025-10-25 14:00:00,192.78,192.8,192.55,192.64,3027.4
732,2025-10-25 14:05:00,192.64,192.66,192.23,192.42,12014.9
733,2025-10-25 14:10:00,192.42,192.42,191.86,192.17,41123.3
734,2025-10-25 14:15:00,192.17,192.41,192.11,192.4,12585.6
735,2025-10-25 14:20:00,192.4,192.65,192.35,192.52,18783.4
736,2025-10-25 14:25:00,192.52,192.65,192.33,192.46,14550.9
737,2025-10-25 14:30:00,192.46,192.46,192.13,192.29,8428.3
738,2025-10-25 14:35:00,192.29,192.69,192.29,192.62,9901.7
739,2025-10-25 14:40:00,192.62,192.78,192.53,192.6,4642.9
740,2025-10-25 14:45:00,192.6,192.61,192.42,192.5,7031.8
741,2025-10-25 14:50:00,192.5,192.55,192.35,192.47,3782.8
742,2025-10-25 14:55:00,192.47,192.62,192.47,192.47,5210.2
743,2025-10-25 15:00:00,192.47,192.47,191.87,192.0,15622.3
744,2025-10-25 15:05:00,192.0,192.1,191.71,191.77,18587.2
745,2025-10-25 15:10:00,191.77,191.94,191.73,191.84,13635.2
746,2025-10-25 15:15:00,191.84,192.0,191.83,191.91,10013.9
747,2025-10-25 15:20:00,191.91,192.18,191.79,191.99,47191.2
748,2025-10-25 15:25:00,191.99,192.27,191.94,192.17,9322.1
749,2025-10-25 15:30:00,192.17,192.21,191.9,191.93,6755.4
750,2025-10-25 15:35:00,191.93,192.54,191.84,192.29,92039.7
751,2025-10-25 15:40:00,192.29,192.6,192.16,192.18,21564.8
752,2025-10-25 15:45:00,192.18,192.22,192.06,192.13,5632.0
753,2025-10-25 15:50:00,192.13,192.23,191.8,191.81,9540.0
754,2025-10-25 15:55:00,191.81,191.99,191.71,191.8,15589.6
755,2025-10-25 16:00:00,191.8,191.91,191.64,191.89,9531.3
756,2025-10-25 16:05:00,191.89,191.89,191.52,191.61,27020.6
757,2025-10-25 16:10:00,191.61,191.68,191.52,191.63,12083.1
758,2025-10-25 16:15:00,191.63,191.79,191.59,191.71,5621.3
759,2025-10-25 16:20:00,191.71,191.89,191.63,191.65,5659.1
760,2025-10-25 16:25:00,191.65,191.71,191.33,191.44,16994.4
761,2025-10-25 16:30:00,191.44,191.7,191.4,191.65,8403.5
762,2025-10-25 16:35:00,191.65,191.72,191.49,191.5,4323.7
763,2025-10-25 16:40:00,191.5,191.64,191.43,191.59,4984.4
764,2025-10-25 16:45:00,191.59,191.94,191.43,191.93,12227.7
765,2025-10-25 16:50:00,191.93,192.04,191.7,191.84,11910.7
766,2025-10-25 16:55:00,191.84,191.88,191.72,191.85,6867.7
767,2025-10-25 17:00:00,191.85,191.95,191.73,191.84,4806.8
768,2025-10-25 17:05:00,191.84,192.35,191.84,192.22,32689.9
769,2025-10-25 17:10:00,192.22,192.34,192.12,192.31,11554.6
770,2025-10-25 17:15:00,192.31,192.31,192.0,192.04,12842.6
771,2025-10-25 17:20:00,192.04,192.24,192.01,192.13,6032.4
772,2025-10-25 17:25:00,192.13,192.14,192.02,192.02,1902.1
773,2025-10-25 17:30:00,192.02,192.28,192.02,192.11,4249.3
774,2025-10-25 17:35:00,192.11,192.25,192.07,192.22,2255.5
775,2025-10-25 17:40:00,192.22,192.35,192.22,192.35,5277.8
776,2025-10-25 17:45:00,192.35,192.35,192.17,192.34,4347.7
777,2025-10-25 17:50:00,192.34,192.47,192.24,192.3,10680.7
778,2025-10-25 17:55:00,192.3,192.47,192.26,192.26,8700.4
779,2025-10-25 18:00:00,192.26,192.48,192.21,192.29,6473.1
780,2025-10-25 18:05:00,192.29,192.5,192.29,192.48,13425.6
781,2025-10-25 18:10:00,192.48,193.34,192.47,193.23,109275.7
782,2025-10-25 18:15:00,193.23,193.25,192.98,193.15,13739.4
783,2025-10-25 18:20:00,193.15,193.17,192.77,193.07,25499.7
784,2025-10-25 18:25:00,193.07,193.91,192.98,193.87,55782.6
785,2025-10-25 18:30:00,193.87,193.98,193.66,193.8,41126.3
786,2025-10-25 18:35:00,193.8,194.13,193.75,194.08,29819.9
787,2025-10-25 18:40:00,194.08,194.22,193.81,193.99,26446.5
788,2025-10-25 18:45:00,193.99,194.22,193.8,193.8,14610.5
789,2025-10-25 18:50:00,193.8,193.99,193.77,193.93,11085.6
790,2025-10-25 18:55:00,193.93,194.33,193.91,194.19,18977.6
791,2025-10-25 19:00:00,194.19,194.22,193.83,194.01,12374.5
792,2025-10-25 19:05:00,194.01,194.04,193.9,193.92,9017.2
793,2025-10-25 19:10:00,193.92,194.08,193.9,194.05,9021.5
794,2025-10-25 19:15:00,194.05,194.5,194.04,194.49,17065.2
795,2025-10-25 19:20:00,194.49,194.53,194.15,194.38,21107.1
796,2025-10-25 19:25:00,194.38,194.48,194.22,194.22,11838.0
797,2025-10-25 19:30:00,194.22,194.56,194.21,194.42,14657.0
798,2025-10-25 19:35:00,194.42,194.5,194.23,194.29,4840.0
799,2025-10-25 19:40:00,194.29,194.45,194.29,194.35,5639.0
800,2025-10-25 19:45:00,194.35,194.61,194.34,194.54,13631.6
801,2025-10-25 19:50:00,194.54,194.54,194.33,194.39,18272.3
802,2025-10-25 19:55:00,194.39,194.5,194.39,194.46,4592.8
803,2025-10-25 20:00:00,194.46,194.51,194.3,194.41,6358.8
804,2025-10-25 20:05:00,194.41,194.5,194.33,194.47,8854.7
805,2025-10-25 20:10:00,194.47,194.53,194.27,194.27,8263.0
806,2025-10-25 20:15:00,194.27,194.43,194.23,194.38,8632.3
807,2025-10-25 20:20:00,194.38,194.51,194.26,194.4,6869.9
808,2025-10-25 20:25:00,194.4,194.58,194.4,194.4,15101.4
809,2025-10-25 20:30:00,194.4,194.42,193.96,194.09,45318.6
810,2025-10-25 20:35:00,194.09,194.11,193.6,194.0,41436.0
811,2025-10-25 20:40:00,194.0,194.33,193.92,194.12,46377.3
812,2025-10-25 20:45:00,194.12,194.85,194.12,194.77,39985.3
813,2025-10-25 20:50:00,194.77,195.0,194.34,194.35,29144.3
814,2025-10-25 20:55:00,194.35,194.58,194.02,194.07,22039.7
815,2025-10-25 21:00:00,194.07,194.23,194.0,194.19,10376.7
816,2025-10-25 21:05:00,194.19,194.39,194.08,194.35,8483.1
817,2025-10-25 21:10:00,194.35,194.7,194.3,194.57,17339.2
818,2025-10-25 21:15:00,194.57,194.73,194.28,194.59,10409.4
819,2025-10-25 21:20:00,194.59,194.75,194.35,194.36,7162.6
820,2025-10-25 21:25:00,194.36,194.5,194.24,194.35,4165.2
821,2025-10-25 21:30:00,194.35,194.43,194.09,194.13,7419.8
822,2025-10-25 21:35:00,194.13,194.23,194.06,194.16,4054.7
823,2025-10-25 21:40:00,194.16,194.17,193.84,193.85,10956.7
824,2025-10-25 21:45:00,193.85,194.02,193.73,193.94,13239.5
825,2025-10-25 21:50:00,193.94,194.27,193.94,194.21,8750.9
826,2025-10-25 21:55:00,194.21,194.34,194.13,194.33,3785.3
827,2025-10-25 22:00:00,194.33,194.34,193.95,194.14,14352.4
828,2025-10-25 22:05:00,194.14,194.33,193.95,194.18,8909.7
829,2025-10-25 22:10:00,194.18,194.25,193.9,194.03,4579.9
830,2025-10-25 22:15:00,194.03,194.26,193.92,194.23,12686.3
831,2025-10-25 22:20:00,194.23,194.33,193.89,193.95,19314.1
832,2025-10-25 22:25:00,193.95,194.09,193.85,194.08,7909.5
833,2025-10-25 22:30:00,194.08,194.32,194.07,194.32,5846.3
834,2025-10-25 22:35:00,194.32,194.39,194.25,194.28,4397.3
835,2025-10-25 22:40:00,194.28,194.36,194.18,194.28,6723.8
836,2025-10-25 22:45:00,194.28,194.38,194.18,194.36,3769.5
837,2025-10-25 22:50:00,194.36,194.69,194.36,194.54,10387.5
838,2025-10-25 22:55:00,194.54,194.58,194.41,194.42,3068.2
839,2025-10-25 23:00:00,194.42,194.47,194.2,194.44,6438.9
840,2025-10-25 23:05:00,194.44,194.64,194.35,194.61,5673.8
841,2025-10-25 23:10:00,194.61,194.69,194.54,194.62,6492.2
842,2025-10-25 23:15:00,194.62,194.69,194.18,194.23,11281.9
843,2025-10-25 23:20:00,194.23,194.23,194.08,194.16,7967.8
844,2025-10-25 23:25:00,194.16,194.26,194.11,194.17,3386.0
845,2025-10-25 23:30:00,194.17,194.18,193.92,194.15,5657.0
846,2025-10-25 23:35:00,194.15,194.18,194.04,194.16,2294.5
847,2025-10-25 23:40:00,194.16,194.16,193.94,193.94,3219.9
848,2025-10-25 23:45:00,193.94,194.13,193.91,194.0,5843.8
849,2025-10-25 23:50:00,194.0,194.0,193.76,193.91,14488.2
850,2025-10-25 23:55:00,193.91,194.05,193.77,193.77,8019.0
851,2025-10-26 00:00:00,193.77,193.84,192.95,193.3,99000.2
852,2025-10-26 00:05:00,193.3,193.4,193.07,193.34,26142.3
853,2025-10-26 00:10:00,193.34,193.43,193.29,193.42,10039.1
854,2025-10-26 00:15:00,193.42,193.83,193.42,193.59,37760.1
855,2025-10-26 00:20:00,193.59,193.86,193.58,193.6,7157.7
856,2025-10-26 00:25:00,193.6,193.99,193.59,193.95,8429.9
857,2025-10-26 00:30:00,193.95,194.16,193.87,194.14,15647.2
858,2025-10-26 00:35:00,194.14,194.27,194.0,194.26,8235.9
859,2025-10-26 00:40:00,194.26,194.28,193.98,194.09,10620.0
860,2025-10-26 00:45:00,194.09,194.25,193.7,193.73,15086.7
861,2025-10-26 00:50:00,193.73,193.75,193.25,193.31,19021.4
862,2025-10-26 00:55:00,193.31,193.41,193.15,193.22,17155.5
863,2025-10-26 01:00:00,193.22,193.46,193.07,193.42,8146.2
864,2025-10-26 01:05:00,193.42,193.57,193.28,193.32,10529.5
865,2025-10-26 01:10:00,193.32,193.59,193.27,193.48,6563.3
866,2025-10-26 01:15:00,193.48,193.67,193.39,193.4,9668.7
867,2025-10-26 01:20:00,193.4,193.51,193.23,193.36,5240.4
868,2025-10-26 01:25:00,193.36,193.41,193.28,193.34,4758.6
869,2025-10-26 01:30:00,193.34,193.54,193.24,193.54,7645.6
870,2025-10-26 01:35:00,193.54,193.6,193.34,193.52,3422.3
871,2025-10-26 01:40:00,193.52,193.56,193.36,193.45,2410.0
872,2025-10-26 01:45:00,193.45,193.6,193.37,193.48,3289.5
873,2025-10-26 01:50:00,193.48,193.58,193.27,193.36,3041.1
874,2025-10-26 01:55:00,193.36,193.53,191.99,192.71,191448.2
875,2025-10-26 02:00:00,192.71,192.71,192.3,192.51,19595.8
876,2025-10-26 02:05:00,192.51,192.87,192.5,192.61,11438.3
877,2025-10-26 02:10:00,192.61,192.72,192.55,192.66,9166.4
878,2025-10-26 02:15:00,192.66,192.97,192.62,192.85,6702.6
879,2025-10-26 02:20:00,192.85,192.85,192.47,192.57,17529.5
880,2025-10-26 02:25:00,192.57,192.89,192.52,192.88,8234.5
881,2025-10-26 02:30:00,192.88,193.02,192.78,192.87,14439.8
882,2025-10-26 02:35:00,192.87,192.89,192.41,192.47,8705.2
883,2025-10-26 02:40:00,192.47,192.64,192.38,192.43,9586.2
884,2025-10-26 02:45:00,192.43,192.51,192.13,192.19,23916.3
885,2025-10-26 02:50:00,192.19,192.2,191.56,192.05,86391.2
886,2025-10-26 02:55:00,192.05,192.19,191.96,192.12,10394.6
887,2025-10-26 03:00:00,192.12,192.14,191.86,192.1,16844.4
888,2025-10-26 03:05:00,192.1,192.22,191.97,192.11,7385.1
889,2025-10-26 03:10:00,192.11,192.25,192.07,192.13,7949.8
890,2025-10-26 03:15:00,192.13,192.87,192.06,192.71,114894.2
891,2025-10-26 03:20:00,192.71,192.87,192.65,192.75,7862.8
892,2025-10-26 03:25:00,192.75,192.88,192.71,192.87,2843.6
893,2025-10-26 03:30:00,192.87,192.96,192.78,192.92,6199.3
894,2025-10-26 03:35:00,192.92,192.95,192.7,192.73,4922.9
895,2025-10-26 03:40:00,192.73,192.87,192.52,192.59,7638.6
896,2025-10-26 03:45:00,192.59,192.85,192.47,192.84,5942.1
897,2025-10-26 03:50:00,192.84,192.91,192.75,192.85,7914.4
898,2025-10-26 03:55:00,192.85,192.89,192.72,192.89,6963.6
899,2025-10-26 04:00:00,192.89,193.09,192.73,193.09,14557.8
900,2025-10-26 04:05:00,193.09,193.24,193.0,193.11,19080.2
901,2025-10-26 04:10:00,193.11,193.31,193.1,193.26,9254.6
902,2025-10-26 04:15:00,193.26,193.27,193.1,193.22,4465.4
903,2025-10-26 04:20:00,193.22,193.44,193.11,193.41,13936.3
904,2025-10-26 04:25:00,193.41,193.43,193.13,193.13,7286.1
905,2025-10-26 04:30:00,193.13,193.27,193.09,193.2,4398.7
906,2025-10-26 04:35:00,193.2,193.2,193.01,193.06,3196.9
907,2025-10-26 04:40:00,193.06,193.11,193.0,193.11,4542.3
908,2025-10-26 04:45:00,193.11,193.25,193.03,193.14,3695.1
909,2025-10-26 04:50:00,193.14,193.25,193.11,193.12,2614.6
910,2025-10-26 04:55:00,193.12,193.13,192.71,192.8,33778.5
911,2025-10-26 05:00:00,192.8,192.87,192.63,192.84,19245.7
912,2025-10-26 05:05:00,192.84,192.91,192.66,192.9,28589.4
913,2025-10-26 05:10:00,192.9,193.11,192.85,193.04,16403.1
914,2025-10-26 05:15:00,193.04,193.11,192.96,193.1,4046.5
915,2025-10-26 05:20:00,193.1,193.17,193.06,193.09,3235.1
916,2025-10-26 05:25:00,193.09,193.28,193.08,193.25,6610.4
917,2025-10-26 05:30:00,193.25,193.32,193.13,193.32,8748.4
918,2025-10-26 05:35:00,193.32,193.55,193.26,193.54,16944.0
919,2025-10-26 05:40:00,193.54,193.55,193.45,193.51,4520.5
920,2025-10-26 05:45:00,193.51,193.57,193.5,193.51,3639.9
921,2025-10-26 05:50:00,193.51,193.67,193.46,193.6,7789.1
922,2025-10-26 05:55:00,193.6,193.6,193.49,193.5,5822.7
923,2025-10-26 06:00:00,193.5,193.56,193.4,193.5,12422.9
924,2025-10-26 06:05:00,193.5,193.65,193.44,193.6,9643.8
925,2025-10-26 06:10:00,193.6,193.64,193.45,193.6,2448.4
926,2025-10-26 06:15:00,193.6,193.6,193.38,193.48,1965.0
927,2025-10-26 06:20:00,193.48,193.78,193.42,193.78,5709.8
928,2025-10-26 06:25:00,193.78,193.96,193.77,193.94,9624.9
929,2025-10-26 06:30:00,193.94,193.99,193.7,193.83,14211.1
930,2025-10-26 06:35:00,193.83,193.88,193.73,193.84,2947.2
931,2025-10-26 06:40:00,193.84,193.85,193.77,193.82,5949.3
932,2025-10-26 06:45:00,193.82,193.88,193.68,193.74,6128.2
933,2025-10-26 06:50:00,193.74,193.82,193.71,193.76,5559.0
934,2025-10-26 06:55:00,193.76,194.07,193.75,193.94,25179.5
935,2025-10-26 07:00:00,193.94,194.2,193.89,194.2,23435.2
936,2025-10-26 07:05:00,194.2,194.21,194.04,194.06,11554.1
937,2025-10-26 07:10:00,194.06,194.14,194.02,194.13,5546.7
938,2025-10-26 07:15:00,194.13,194.2,194.05,194.06,5387.9
939,2025-10-26 07:20:00,194.06,194.13,193.97,193.97,4754.2
940,2025-10-26 07:25:00,193.97,193.98,193.76,193.78,7119.8
941,2025-10-26 07:30:00,193.78,193.9,193.73,193.79,14349.0
942,2025-10-26 07:35:00,193.79,194.11,193.79,194.05,10089.6
943,2025-10-26 07:40:00,194.05,194.25,194.05,194.11,8158.8
944,2025-10-26 07:45:00,194.11,194.21,194.07,194.12,9186.5
945,2025-10-26 07:50:00,194.12,194.21,193.76,193.82,12113.5
946,2025-10-26 07:55:00,193.82,193.9,193.76,193.78,4778.4
947,2025-10-26 08:00:00,193.78,193.97,193.61,193.79,13945.9
948,2025-10-26 08:05:00,193.79,193.94,193.76,193.87,8551.7
949,2025-10-26 08:10:00,193.87,193.89,193.76,193.86,5016.1
950,2025-10-26 08:15:00,193.86,193.92,193.56,193.66,6306.4
951,2025-10-26 08:20:00,193.66,193.83,193.64,193.81,3480.9
952,2025-10-26 08:25:00,193.81,194.0,193.69,193.97,8041.9
953,2025-10-26 08:30:00,193.97,194.11,193.94,193.96,11423.2
954,2025-10-26 08:35:00,193.96,194.03,193.78,193.99,6459.2
955,2025-10-26 08:40:00,193.99,194.09,193.93,194.03,4954.5
956,2025-10-26 08:45:00,194.03,194.15,193.97,194.05,5385.4
957,2025-10-26 08:50:00,194.05,194.3,194.01,194.18,15278.1
958,2025-10-26 08:55:00,194.18,194.35,194.09,194.22,23606.8
959,2025-10-26 09:00:00,194.22,194.29,193.98,194.05,8542.9
960,2025-10-26 09:05:00,194.05,194.08,193.96,193.98,5608.8
961,2025-10-26 09:10:00,193.98,194.05,193.83,193.88,10923.2
962,2025-10-26 09:15:00,193.88,194.28,193.88,194.26,7048.2
963,2025-10-26 09:20:00,194.26,195.43,194.06,195.24,145104.3
964,2025-10-26 09:25:00,195.24,196.07,195.18,196.03,121115.9
965,2025-10-26 09:30:00,196.03,196.37,195.3,195.82,117085.3
966,2025-10-26 09:35:00,195.82,195.99,195.31,195.8,93020.8
967,2025-10-26 09:40:00,195.8,196.19,195.6,195.76,47366.6
968,2025-10-26 09:45:00,195.76,195.99,195.41,195.7,28556.4
969,2025-10-26 09:50:00,195.7,195.76,195.3,195.55,21972.6
970,2025-10-26 09:55:00,195.55,195.9,195.52,195.88,22971.7
971,2025-10-26 10:00:00,195.88,196.06,195.65,195.65,33769.1
972,2025-10-26 10:05:00,195.65,195.66,195.2,195.23,26924.4
973,2025-10-26 10:10:00,195.23,195.68,195.22,195.59,13433.6
974,2025-10-26 10:15:00,195.59,195.69,195.27,195.38,13848.8
975,2025-10-26 10:20:00,195.38,195.4,195.18,195.3,12293.9
976,2025-10-26 10:25:00,195.3,195.38,195.2,195.34,13283.9
977,2025-10-26 10:30:00,195.34,195.35,194.54,194.61,42824.0
978,2025-10-26 10:35:00,194.61,194.9,194.61,194.88,18267.1
979,2025-10-26 10:40:00,194.88,194.93,194.7,194.88,12758.4
980,2025-10-26 10:45:00,194.88,194.99,194.73,194.99,12636.8
981,2025-10-26 10:50:00,194.99,195.08,194.9,194.92,14158.2
982,2025-10-26 10:55:00,194.92,195.03,194.68,194.76,8573.0
983,2025-10-26 11:00:00,194.76,195.09,194.62,194.7,16129.3
984,2025-10-26 11:05:00,194.7,194.73,194.26,194.56,30263.7
985,2025-10-26 11:10:00,194.56,194.79,194.4,194.7,8686.0
986,2025-10-26 11:15:00,194.7,195.31,194.7,195.17,28575.6
987,2025-10-26 11:20:00,195.17,195.63,194.98,195.58,31042.8
988,2025-10-26 11:25:00,195.58,195.99,195.57,195.9,36886.4
989,2025-10-26 11:30:00,195.9,196.49,195.9,196.26,54703.1
990,2025-10-26 11:35:00,196.26,196.75,196.12,196.42,52646.1
991,2025-10-26 11:40:00,196.42,197.48,196.33,197.13,175023.6
992,2025-10-26 11:45:00,197.13,197.77,196.74,197.18,115826.0
993,2025-10-26 11:50:00,197.18,197.76,197.18,197.5,65713.3
994,2025-10-26 11:55:00,197.5,197.89,197.28,197.71,60461.5
995,2025-10-26 12:00:00,197.71,198.23,197.67,197.93,71232.0
996,2025-10-26 12:05:00,197.93,198.02,197.55,197.56,39644.1
997,2025-10-26 12:10:00,197.56,197.95,197.55,197.92,40311.8
998,2025-10-26 12:15:00,197.92,198.37,197.8,197.86,43211.2
999,2025-10-26 12:20:00,197.86,197.87,197.05,197.24,54617.8
0,2025-10-26 12:25:00,,,,,
1,2025-10-26 12:30:00,,,,,
2,2025-10-26 12:35:00,,,,,
3,2025-10-26 12:40:00,,,,,
4,2025-10-26 12:45:00,,,,,
5,2025-10-26 12:50:00,,,,,
6,2025-10-26 12:55:00,,,,,
7,2025-10-26 13:00:00,,,,,
8,2025-10-26 13:05:00,,,,,
9,2025-10-26 13:10:00,,,,,
10,2025-10-26 13:15:00,,,,,
11,2025-10-26 13:20:00,,,,,
12,2025-10-26 13:25:00,,,,,
13,2025-10-26 13:30:00,,,,,
14,2025-10-26 13:35:00,,,,,
15,2025-10-26 13:40:00,,,,,
16,2025-10-26 13:45:00,,,,,
17,2025-10-26 13:50:00,,,,,
18,2025-10-26 13:55:00,,,,,
19,2025-10-26 14:00:00,,,,,
20,2025-10-26 14:05:00,,,,,
21,2025-10-26 14:10:00,,,,,
22,2025-10-26 14:15:00,,,,,
23,2025-10-26 14:20:00,,,,,
24,2025-10-26 14:25:00,,,,,
25,2025-10-26 14:30:00,,,,,
26,2025-10-26 14:35:00,,,,,
27,2025-10-26 14:40:00,,,,,
28,2025-10-26 14:45:00,,,,,
29,2025-10-26 14:50:00,,,,,
30,2025-10-26 14:55:00,,,,,
31,2025-10-26 15:00:00,,,,,
32,2025-10-26 15:05:00,,,,,
33,2025-10-26 15:10:00,,,,,
34,2025-10-26 15:15:00,,,,,
35,2025-10-26 15:20:00,,,,,
36,2025-10-26 15:25:00,,,,,
37,2025-10-26 15:30:00,,,,,
38,2025-10-26 15:35:00,,,,,
39,2025-10-26 15:40:00,,,,,
40,2025-10-26 15:45:00,,,,,
41,2025-10-26 15:50:00,,,,,
42,2025-10-26 15:55:00,,,,,
43,2025-10-26 16:00:00,,,,,
44,2025-10-26 16:05:00,,,,,
45,2025-10-26 16:10:00,,,,,
46,2025-10-26 16:15:00,,,,,
47,2025-10-26 16:20:00,,,,,
48,2025-10-26 16:25:00,,,,,
49,2025-10-26 16:30:00,,,,,
50,2025-10-26 16:35:00,,,,,
51,2025-10-26 16:40:00,,,,,
52,2025-10-26 16:45:00,,,,,
53,2025-10-26 16:50:00,,,,,
54,2025-10-26 16:55:00,,,,,
55,2025-10-26 17:00:00,,,,,
56,2025-10-26 17:05:00,,,,,
57,2025-10-26 17:10:00,,,,,
58,2025-10-26 17:15:00,,,,,
59,2025-10-26 17:20:00,,,,,
60,2025-10-26 17:25:00,,,,,
61,2025-10-26 17:30:00,,,,,
62,2025-10-26 17:35:00,,,,,
63,2025-10-26 17:40:00,,,,,
64,2025-10-26 17:45:00,,,,,
65,2025-10-26 17:50:00,,,,,
66,2025-10-26 17:55:00,,,,,
67,2025-10-26 18:00:00,,,,,
68,2025-10-26 18:05:00,,,,,
69,2025-10-26 18:10:00,,,,,
70,2025-10-26 18:15:00,,,,,
71,2025-10-26 18:20:00,,,,,
72,2025-10-26 18:25:00,,,,,
73,2025-10-26 18:30:00,,,,,
74,2025-10-26 18:35:00,,,,,
75,2025-10-26 18:40:00,,,,,
76,2025-10-26 18:45:00,,,,,
77,2025-10-26 18:50:00,,,,,
78,2025-10-26 18:55:00,,,,,
79,2025-10-26 19:00:00,,,,,
80,2025-10-26 19:05:00,,,,,
81,2025-10-26 19:10:00,,,,,
82,2025-10-26 19:15:00,,,,,
83,2025-10-26 19:20:00,,,,,
84,2025-10-26 19:25:00,,,,,
85,2025-10-26 19:30:00,,,,,
86,2025-10-26 19:35:00,,,,,
87,2025-10-26 19:40:00,,,,,
88,2025-10-26 19:45:00,,,,,
89,2025-10-26 19:50:00,,,,,
90,2025-10-26 19:55:00,,,,,
91,2025-10-26 20:00:00,,,,,
92,2025-10-26 20:05:00,,,,,
93,2025-10-26 20:10:00,,,,,
94,2025-10-26 20:15:00,,,,,
95,2025-10-26 20:20:00,,,,,
96,2025-10-26 20:25:00,,,,,
97,2025-10-26 20:30:00,,,,,
98,2025-10-26 20:35:00,,,,,
99,2025-10-26 20:40:00,,,,,
